id,name
2975,Laurence Fishburne
8349,Martin Sheen
8351,Frederic Forrest
8354,Albert Hall
6384,Keanu Reeves
530,Carrie-Anne Moss
18471,Anthony Anderson
74611,Tracee Ellis Ross
1407498,Marsai Martin
1107983,Martin Luther King Jr.
52057,Obba Babatundé
110380,Colin Powell
47296,Jeffrey Dean Morgan
17637,Taye Diggs
53336,Brandon T. Jackson
6193,Leonardo DiCaprio
1892,Matt Damon
514,Jack Nicholson
4001066,Richard Teideman
1197772,David Aaronovitch
3895,Michael Caine
59258,Lewis Black
3392,Michael Douglas
2639,Eva Marie Saint
1397846,Craig Barron
2166741,Robert A. Baum Jr.
2641,Martin Landau
13724,Jane Alexander
2112,Brock Peters
7796,Illeana Douglas
851784,Mackenzie Foy
89819,Zachary Gordon
103835,Jeff Monahan
6717,James Marshall
92029,Gabriel Bologna
218506,Gretchen Becker
26466,Caroline Kava
18269,Brendan Fraser
928944,Coleman Barks
2022250,Robert Bly
9979,Peter Coyote
2098136,Brian Becker
2098137,Richard Becker
2098138,Blase Bonpane
5606,Sissy Spacek
5632,Jack Fisk
11367,Bradley Whitford
31028,Richard Schiff
21010,Alexandra Hay
101032,Rod McCary
30020,Michael J. Nelson
30022,Kevin Murphy
68833,Bill Corbett
9340,Lana Wachowski
9339,Lilly Wachowski
4789367,Cáel M. Keegan
564,Richard Linklater
584,Philip K. Dick
32233,Tommy Pallotta
1357063,Darrin Prescott
40644,Chad Stahelski
1779512,Jackson Spidell
1776,Francis Ford Coppola
38803,Roman Coppola
64,Gary Oldman
21127,Bobby Cannavale
1692944,Heidi Schreck
529,Guy Pearce
532,Joe Pantoliano
2395,Whoopi Goldberg
1735828,Halle Bailey
53397,Christina Aguilera
1897,Bernie Mac
77896,Bill Bellamy
170497,Norman Lear
4491,Jennifer Aniston
56322,Amy Poehler
1224841,Mo Willems
539,Thomas Lennon
111513,Yvette Nicole Brown
14837,Carol Burnett
5823,Julie Andrews
3141,Marisa Tomei
1068417,Bethann Hardison
77072,Tyson Beckford
56367,Naomi Campbell
14386,Beyoncé
84932,Jay-Z
1680929,Blue Ivy Carter
2682390,Gerd Ludwig
2227,Nicole Kidman
4430,Sharon Stone
102786,Barack Obama
128550,Desmond Tutu
2320880,Sundar Pichai
1165240,Jason Alan Carvell
1280183,Coretta Scott King
2855535,Jack O'Dell
2939212,Clarence Jones
237876,Sarah-Jane Sauvegrain
21111,John F. Kennedy
73988,Lyndon B. Johnson
1050881,Jacqueline Kennedy
12951,O.J. Simpson
2998183,Nicole Brown Simpson
1231277,Marcia Clark
180659,Rosa Parks
214317,Ben Bradlee
13716,Carl Bernstein
117180,Tom Brokaw
7172,James Brown
21112,Hubert H. Humphrey
181934,Al Sharpton
496175,Carmelo Anthony
2102583,Andrew Cohen
1006651,John Lewis
23626,Liev Schreiber
937663,Neil Amdur
1931175,Bob Beamon
2954,Jeffrey Wright
33663,Donald Trump
2301996,Mike Pence
2787630,Valentin Zorin
89289,Jesse Jackson
2803017,Arthur John Birch
2803001,Haroldson Lafayette Hunt
1038,Jodie Foster
4173,Anthony Hopkins
349,Scott Glenn
2535,Vivica A. Fox
225620,Rudolph Moise
1122373,Marion Barry
1122374,Chuck Brown
1122375,Lewis Franklin
1507609,Bob Coen
1507612,Francis E. Boyle
1507613,Jean Patterson
1884692,Susannah Kenton
2701107,Eugene Chang
19011,George W. Bush
146687,Tony Blair
74266,Dick Cheney
21029,Billy Burke
1661329,Lorraine Devon Wilke
56978,Jennifer Rubin
43902,Erik Palladino
84164,Billy Jayne
219688,Billy Aronson
1277412,Martha Banta
17828,Michael Barnathan
22122,Meagan Good
2582166,Jeremy Urann
40036,Taraji P. Henson
1394997,Tituss Burgess
131722,Ciara
103,Mark Ruffalo
2282,Ben Kingsley
21007,Jonah Hill
234352,Margot Robbie
24045,Joseph Gordon-Levitt
3899,Ken Watanabe
134,Jamie Foxx
27319,Christoph Waltz
2366,Dante Ferretti
150367,James Gilligan
204,Kate Winslet
2710,James Cameron
8529,Jon Landau
31,Tom Hanks
1206,Jason Alexander
70851,Jack Black
1032,Martin Scorsese
380,Robert De Niro
9261,Frank Abagnale Jr.
488,Steven Spielberg
2689,Jeff Nathanson
16418,Casey Kasem
15831,Frank Welker
11478,Lorraine Bracco
944538,Daniel B. Gold
2830394,Ross Gelbspan
971346,Bill McKibben
3197,Tom Sizemore
12833,Edward Burns
2157,Robin Williams
880,Ben Affleck
578,Ridley Scott
1023139,Adam Driver
1810,Heath Ledger
3361135,Peter Kent
1812,Michelle Williams
10297,Matthew McConaughey
1813,Anne Hathaway
2037,Cillian Murphy
5081,Emily Blunt
1231844,Manny Ramírez
1214256,Curt Schilling
21037,Prince
1800494,Cora Coleman-Dunham
1775343,Josh Dunham
3894,Christian Bale
19498,Jon Bernthal
1370,Brad Dourif
7071,Louise Fletcher
10409,Shelley Duvall
10410,Danny Lloyd
15189,Michelangelo Antonioni
18514,Asia Argento
4955,Dario Argento
61110,Fred Armisen
707,Dan Aykroyd
7447,Alec Baldwin
34947,Kevin Conroy
1262612,Neal Adams
21200,Will Arnett
6968,Hugh Jackman
1291312,Jürgen Thormann
2983750,Peter Garloff
39998,Tim McIntire
7506,Irwin Allen
525,Christopher Nolan
15556,Rebecca Hall
9789,Robert Altman
6449,Warren Beatty
32395,Debbie Allen
1227911,Peter Allen
27769,Harry Anderson
6952,Charlie Sheen
114454,BJ Davis
10017,Charlton Heston
26513,Debra Winger
146747,Mario Batali
212,David Cross
1163873,Omar Elba
1532857,Rebecca Blaine Carton
1358384,Topher Mikels
169200,Phyllis Smith
10872,Patton Oswalt
105787,Greg Giraldo
2435839,Barbara Grau
8534,Kathy Bates
1121,Benicio del Toro
73931,Bette Midler
2232,Michael Keaton
192,Morgan Freeman
516,Annette Bening
6352,Jane Fonda
14841,Bruce Gilbert
3223,Robert Downey Jr.
16828,Chris Evans
1,George Lucas
7879,John Lasseter
2638,Cary Grant
2091,James Mason
2496,Stanley Ridges
22091,Robert Sterling
24589,Paul Mercurio
24590,Dominique Sanda
1205143,John Gazarian
1205144,Darlene Landau
11770,John Carpenter
515,Glenn Close
9111,Peter Graves
98234,Barbara Bain
2222,Beau Bridges
18878,Rob Cohen
6349,Alan J. Pakula
21278,Alan Alda
8488,Mary Badham
8487,Gregory Peck
8489,Phillip Alford
84206,Keshia Knight Pulliam
119598,Phylicia Rashād
8656,Dorian Harewood
57686,Hill Harper
32646,Monica Calhoun
20493,Sydney Tamiia Poitier
11665,Michael Angarano
2171,Griffin Dunne
11477,Ray Liotta
4517,Joe Pesci
176557,Mark Kassen
19453,Tom Bower
17696,Kathryn Hahn
15864,Clarence Williams III
20508,Iain Glen
1254526,Brianna Gentilella
17051,James Franco
1518619,Sigi Ravet
13922,Seth Green
188238,Matthew Senreich
52139,Seth MacFarlane
6677,Kyle MacLachlan
6678,Michael Ontkean
6714,Mädchen Amick
131220,Sherry Morris
3140207,Carman
131221,Elise Lester
3517400,David Barbe
1936743,Kishi Bashi
1800382,Stanley McChrystal
3474911,Kathleen Belew
60642,Tom Petty
22865,Little Richard
13301,Quincy Jones
56890,Malcolm McDowell
46393,Roseanne Barr
1066777,Mumia Abu-Jamal
65013,Rubin 'Hurricane' Carter
4808,Giancarlo Esposito
82128,Wesley Clark
1353815,Dr. Diane Ravitch
1353816,Dr. Linda Darling-Hammond
4645062,Anne Nelson
2749845,William J. Barber II
20212,Dermot Mulroney
41249,Tess Harper
13567,Ann-Margret
25834,Leslie Hope
1204293,J. Allen Hynek
2027993,Philip J. Klass
3546502,Jack Trout
118764,Paulo Pires
36281,Imanol Arias
3199207,Jerry Dealey
3199208,Barry Ernest
1214281,Marcus Allen
1648152,Peter Max
92911,Garth Brooks
54693,Emma Stone
19492,Viola Davis
18997,Bryce Dallas Howard
13611,Jack White
10750,Sheryl Crow
8261,Willie Nelson
287,Brad Pitt
12052,Gwyneth Paltrow
76184,Bryan Marshall
75781,John Turner
83908,Daniel Massey
1748,William Shatner
8499,William Windom
30024,Joel Hodgson
117649,Frank Conniff
30019,Trace Beaulieu
6777,Moe Howard
89613,Larry Fine
89614,Curly Howard
1350757,Jonah Ray
1230192,Elliott Kalan
1219029,Paul F. Tompkins
1750843,Subhah Agarwal
1221712,Kevin Allison
14538,Don Phillips
7779,Sean Daniel
1820819,Kent Jones
569,Ethan Hawke
189111,Suzanne Collins
72129,Jennifer Lawrence
27972,Josh Hutcherson
4587,Halle Berry
8691,Zoe Saldaña
16178,Rick Baker
11181,Kenneth Branagh
14639,Mel Brooks
1769,Sofia Coppola
19772,Paul Rassam
1006721,Charles Scorsese
11483,Catherine Scorsese
2559324,Beth Lane
2559325,Lea Madda
27888,Raúl Juliá
2630,Nastassja Kinski
958722,Eiko Ishioka
41381,Sadie Frost
151007,Peter Ramsey
3084,Marlon Brando
1158,Al Pacino
3085,James Caan
3087,Robert Duvall
3092,Diane Keaton
1003,Jean Reno
524,Natalie Portman
10980,Daniel Radcliffe
10989,Rupert Grint
10990,Emma Watson
1415341,Kazu Hiro
1267653,Chet Zar
219479,Criss Angel
1101349,Steve Aoki
1407495,Miles Brown
4038,Susan Sarandon
18992,Aidan Quinn
2047,Danny Glover
9827,Rose Byrne
143103,Krew Boylan
4730,Emmy Rossum
9464,Harry Lennix
14409,David Schwimmer
3490,Adrien Brody
72855,Felicity Jones
46300,Alex Etel
27889,Stephan Elliott
1331,Hugo Weaving
7187,Richard Donner
57371,Jeff Cohen
3034,Corey Feldman
4756,Matthew Broderick
20005,Moira Kelly
78729,Nathan Lane
9309,Richard Pryor
57551,Mario Cantone
5726,Cedric the Entertainer
7904,Billy Crystal
1733801,Connor Ratliff
225377,Griffin Newman
2787905,Patrick Cotnoir
7175,Aretha Franklin
11850,Candice Bergen
3427755,April Watts
32362,Jon Bon Jovi
77156,Kevin Clash
138986,Tony Bennett
237405,Lady Gaga
92087,Tempestt Bledsoe
3232,Lisa Bonet
3488479,Joseph Cammarata
1430,Keith Richards
1428,Mick Jagger
53396,Ronnie Wood
1113173,Linda Jones Clough
2021317,Chris Connelly
4600,Joe Dante
127165,Jean Boht
73641,Christiane Amanpour
1202593,Neil Barnard
33684,Bono
155488,Kelly Clarkson
292445,Blake Shelton
21986,Reba McEntire
4315572,Bernard Erpicum
3665,Shelley Hack
1212794,Marv Albert
16513,John G. Avildsen
15903,George Carlin
77193,Bill Hicks
1895,Carl Reiner
13472,Tim Curry
1192987,David Coburn
70651,Stephen Hillenburg
78798,Tom Kenny
70615,Rodger Bumpass
33162,Harry Belafonte
982,Sting
81487,George Michael
1215477,Barbara Walters
1233245,Sunny Hostin
148120,Tiffany
83170,Valerie Harper
95024,Bobcat Goldthwait
60434,Dee Snider
1371152,Gillian Bagwell
1218839,Stoney Burke
36811,Nick Cannon
1870421,Collie Buddz
166772,Joy Behar
14,Ellen DeGeneres
854,James Stewart
190,Clint Eastwood
1212,Laura San Giacomo
4111,Ingrid Bergman
3019,Olympia Dukakis
350,Laura Linney
120608,Sonia Manzano
1596910,Nitya Vidyasagar
2412016,Lilly Bartlam
186529,Tony Daniels
88059,Tommy Davidson
15411,T.K. Carter
5916,Rosario Dawson
9206,Neve Campbell
1238840,Anita Pointer
1227348,June Pointer
1238842,Ruth Pointer
172069,Chadwick Boseman
1215522,Robin Roberts
1896,Don Cheadle
167927,Walter Winchell
2283,Stanley Tucci
2774840,Luis A. Miranda Jr.
1179651,Lin-Manuel Miranda
216674,Hillary Clinton
1650331,Jeremy O. Harris
1062,Christopher Lloyd
11510,Macaulay Culkin
6240,Mariska Hargitay
21411,Ice-T
206637,Kelli Giddish
86800,Chloe Bailey
1152019,Ashton Sanders
1214573,Serena Williams
93527,Kelly Rowland
167662,Ryan Seacrest
2384929,Lindsay Arnold
2522829,Vanessa Laine Bryant
23678,Michael Jordan
35806,Shaquille O'Neal
37934,André 3000
15310,Anthony Kiedis
12207,Kylie Minogue
1564846,Auli'i Cravalho
1473281,James Monroe Iglehart
15535,Robin Harris
68215,Reginald Hudlin
181975,Mark Curry
82587,Steve Harvey
78029,Martin Lawrence
44796,Franklyn Ajaye
9780,Angela Bassett
18291,Larenz Tate
1633946,Chris Gattling
1568932,Bruce Bruce
2007484,Huggy Lowdown
27772,John Ritter
158208,Alex Trebek
3536568,Phoebe-Rae Taylor
14892,Rosemarie DeWitt
14405,Courteney Cox
14406,Lisa Kudrow
112261,Joey McIntyre
13446,Eliza Dushku
87192,Mike O'Malley
34398,Bill Fagerbakke
17039,Nick Offerman
80591,Rashida Jones
1192274,Jordan Fisher
132354,Kate Micucci
1212304,Jon Scieszka
53684,Robert Smigel
14672,Michael Winslow
83097,Adam Savage
133451,Aya Cash
111684,Lennon Parham
60227,Greg Cipes
1249820,Romi Dames
1842039,Joe Tessitore
71403,Rob Riggle
129193,Paula Abdul
71727,Betty White
10859,Ryan Reynolds
56323,Tina Fey
6541,Philip Bosco
157359,Jane Connell
61303,Dick Van Dyke
83600,Tichina Arnold
482044,Beth Behrs
1729824,Randy Doney
92178,Bob Mackie
38225,Cher
2177,Lloyd Bridges
47902,Marian Mercer
40159,Keith Michell
58414,Dina Merrill
194836,Shelly Altman
115002,John Aniston
518,Danny DeVito
4,Carrie Fisher
1392152,Dan Levy
26510,Eugene Levy
11514,Catherine O'Hara
290,Christopher Plummer
21104,Glenne Headly
65534,Andreas Deja
22384,John Amos
105637,Morey Amsterdam
13294,Gene Kelly
80866,Nell Carter
40063,Lea DeLaria
3920454,Ted Andrews
537064,Perry Como
109887,Caroll Spinney
8515,Jane Darwell
5829,Karen Dotrice
1201,Garry Marshall
1041410,Charmian Carr
66776,Liza Minnelli
1795453,Amanda Balen
2165,Rosanna Arquette
4726,Marcia Gay Harden
226366,Brian Tyree Henry
18461,Nick Chinlund
1216139,Michael Raynor
57389,Justin Pierce
6613,Minnie Driver
57133,Paulo Costanzo
3043049,Ajak Deng
3043050,Kate Hutchinson Driscoll
109686,Flex Alexander
109687,Mike Batayeh
82702,Michael Jackson
54421,Janet Jackson
111317,Gilby Clarke
57108,Usher
16450,Sean Combs
52847,Joy Bryant
1053305,Marc Jacobs
9755,Yves Saint Laurent
1282709,Suzy Menkes
200624,Michelle Williams
4720,Kanye West
2313703,Steve Jones
1610514,Tina Knowles
15761,Grey DeLisle
15762,Tara Strong
197315,Drake
532537,Toni Braxton
16866,Jennifer Lopez
104779,Nas
81129,Chris Martin
65605,Muhammad Ali
47775,Marc Anthony
9030,Thandiwe Newton
2178,Forest Whitaker
229579,Bob Carruthers
220717,Uri Geller
1229925,La Toya Jackson
59785,Fat Joe
66586,Mariah Carey
1214976,Nick Lachey
1222306,Jeff Timmons
85930,John Mayer
90388,Steve Jordan
90389,Pino Palladino
1468396,Young Guru
1468397,Jay Electronica
154782,Pat Benatar
154783,Neil Giraldo
174875,Carly Simon
1776464,Stretch Armstrong
4244,Lauryn Hill
4238,Common
1060565,Marina Abramović
41039,Judd Apatow
94158,R. Kelly
31647,Garcelle Beauvais
16303,Céline Dion
72208,Alicia Keys
95494,Q-Tip
108661,Chester Bennington
214830,Mike Shinoda
1070445,Brad Delson
6818,Werner Herzog
76788,Dev Patel
108916,Rooney Mara
1371,David Wenham
113552,Briony Behets
1242514,James Smillie
1246450,Bartholomew John
150536,Barry Otto
76182,Nicholas Eadie
12211,Garry McDonald
75193,Kim Gyngell
1322658,Roy Baldwin
326,Kim Basinger
1747292,Robert Board
106179,Anthony Franciosa
1233004,Paul Cronin
108945,Paula Duncan
5682,Anouk Aimée
44556,Richard Anconina
20234,Fanny Ardant
82315,Jean Harlow
11492,Clark Gable
973651,Billy Eichner
1576058,Lilly Singh
1192928,Erich Bergen
71531,Deepak Chopra
1383964,Thích Nhất Hạnh
206911,Cesar Millan
1916574,Caitlin Doughty
5168,Gabriel Byrne
1160,Michelle Pfeiffer
1173480,François Hollande
1348088,Laurent Delahousse
1977908,Claire Chazal
1116399,Winston Churchill
18802,Ronald Reagan
1152,Oliver Stone
3331792,Vasili Arkhipov
120578,Franklin D. Roosevelt
3089883,Gabby Giffords
1608713,Mark Kelly
66620,Angela Merkel
2134341,Theresa May
149923,Lester Brown
1063969,Yvo de Boer
1063970,Paul R. Ehrlich
1068409,Frank Marshall Davis
1068410,Ann Dunham
1068411,Stanley Dunham
210695,Jesse Williams
1258041,David Axelrod
1236577,Douglas Brinkley
3451053,Natalya Sindeeva
3527796,Aleksandr Vinokurov
1745467,Vera Krichevskaya
4322819,Jackson Rowell
4322822,Davis McLaughlin
67273,Roger Waters
4381182,Peter Hart
1184450,Sut Jhally
1965392,Jair Bolsonaro
7063,Nina Sosanya
1326448,Glenn Greenwald
13309,Oprah Winfrey
964843,Michelle Obama
2882914,Malcolm Kenyatta
4026758,Dr. Matt Kenyatta
4706028,Conor Lamb
4492761,William Mitchell
3660512,Parker Liberatore
4492711,Samuel Ruff
4724,Kevin Bacon
46432,George H. W. Bush
50576,Jimmy Carter
35705,Regina Hall
143242,Terrence J
233191,Terrence 'T.C.' Carson
2503684,Abdullah bin Abdulaziz Al Saud
107379,LeBron James
55638,Kevin Hart
2521527,Wesley Lowery
1600254,Megyn Kelly
2169865,Birgitta Assheuer
2920376,Îlham Ahmed
2920377,Zaher al-Saket
3125,Madonna
116341,Bill Clinton
1374664,Louis-Émile Galey
1010125,Claude Heymann
16811,Alexander Scheer
3910768,Jürgen Hambrecht
2823180,Wolfgang Ischinger
3032475,Carl Sferrazza Anthony
3032476,Christopher Andersen
3032477,James Hart
4347,Frank Sinatra
1461,George Clooney
95778,Dan Rather
1230060,Bob Schieffer
3794648,Michel Lerokourez
4299,Dean Martin
1670479,Abbas Abdi
1625013,Mahmoud Ahmadinejad
84384,Osama Bin Laden
4353,Peter Lawford
2214123,Véronique Préault
2412677,Xavier Pasco
2412679,John Logsdon
7571,Blair Brown
84378,Nick Fraser
57738,Samuel Labarthe
1141815,Charles de Gaulle
1204877,André Malraux
1257876,Margaret Whitmer
1051824,Tom Junod
1998031,Joanne Rogers
136403,Robert Dryden
1999091,Chris Schenkel
146964,Kenneth Anger
1171032,Adolfo Arrieta
1190206,Donatas Banionis
2415973,Daniel Petrocelli
2413592,Fred Goldman
1385039,Bryan Stevenson
1641150,Patrisse Cullors
1428889,Ivy Austin
3323316,Tricia Brooks
1416398,Joshua L. Pearson
3410437,Bobby Sanabria
3410434,Willie Estrada
3410438,Derrick León Washington
22860,Chuck Berry
1172565,Lesley Gore
10565,Dick Cavett
46433,Dick Clark
2680008,Olivier Cachin
23977,Akhenaton
1178642,Shurik'n
22859,Jerry Lee Lewis
532942,Fats Domino
1086588,Otis Redding
27011,Vanessa Williams
8851,Whitney Houston
543105,Ella Fitzgerald
179512,Marv Albert
1865991,Jim Boeheim
223120,Jack O'Callahan
223121,Herb Brooks
223122,Mike Eruzione
219189,Jackie Robinson
214725,Duke Snider
1329724,Chuck Wepner
74295,Jeff Feuerzeig
3905,William H. Macy
18686,Holly Hunter
587506,Shameik Moore
543505,Jake Johnson
130640,Hailee Steinfeld
222441,Bud Greenspan
1204260,Jim McKay
2652100,Curt Flood
2652101,Judy Pace Flood
1589101,Matilda De Angelis
1613258,Daniel Patrick Moynihan
25072,Oscar Isaac
3910,Frances McDormand
1241,John Turturro
2651270,Marcella Hansch
1110063,Felix Finkbeiner
2651271,Zion Lights
28151,Benoît Allemane
2982422,Michael S. Cullen
3242458,Isabelle Rouge-Ducos
21397,Dennis Rodman
3981237,Shirley Rodman
1354043,Christoffer Guldbrandsen
1600270,Roger Stone
3342345,Tim Gielen
1954181,George Soros
240633,Bill Gates
60342,Emily Maitlis
2041195,Prince Andrew Duke of York
2607708,Jeffrey Epstein
3553309,John Shipton
150882,Julian Assange
16214,Mario Van Peebles
227811,Herschel Walker
1222706,Skip Bayless
56446,John Cena
112219,Michael Hickenbottom
543530,Dave Bautista
27765,Richard Nixon
80757,Mike Tyson
1003978,Larry Holmes
1167702,Bruno Sammartino
1167703,Bob Backlund
1562927,Ken Blackwell
2547400,Kellyanne Conway
1666438,Ted Cruz
16620,Hulk Hogan
25504,André Roussimoff
160733,Nick Bockwinkel
557911,Robert F. Kennedy Jr.
2005811,Marina Moncade
4737861,David Colon
1508927,Joe Biden
1076629,Anthony Baxter
1705941,Molly Forbes
1816204,Frederick Oberlander
1816207,Tevfik Arif
11161,Tom Savini
2323039,Catherine Mercado-Muñiz
2339577,Carmen Yulín Cruz
1145892,Ed Koch
1807640,Jane Jacobs
77120,Steve Austin
2266228,Kim Dae-jung
2435679,Lee Geum-hee
2266230,Kim Young-sam
10127,Jon Voight
1229169,Roger Ailes
1326321,Saraya-Jade Bevis
57342,Vince McMahon
567335,Chris Benoit
115788,Paul Lévesque
2189100,Moon Jae-in
1671675,Yuna Kim
1644623,Ahn Jung-hwan
938972,Angela Davis
2149806,Gus Hall
1386798,Joseph McCarthy
100709,Junior Wells
2802990,Jean Paul Getty
13348,Howard Hughes
1247141,Harry S. Truman
117418,Mahalia Jackson
1188876,Horace Clarence Boyer
207070,Jermaine Jackson
61399,Mike Ditka
1232728,Jim McMahon
1723195,Mike Singletary
1219050,Hank Aaron
14414,Kareem Abdul-Jabbar
1036,Cybill Shepherd
3837357,John Hinckley Jr.
5049,John Hurt
10774,Anne Bancroft
137022,Michael Parkinson
4220075,Mike Parkinson
7318,Peter Kay
11091,Brett Ratner
1639,Emily Watson
5469,Ralph Fiennes
54448,Ismail Merchant
54441,James Ivory
54443,Ruth Prawer Jhabvala
39187,Olivia Colman
34546,Mark Gatiss
1137,Juliette Binoche
28974,Damon Lindelof
15851,Amy Brenneman
15009,Justin Theroux
3210443,Sofia Masson
1473053,Nicole Coulon
562922,Christian Keyes
21215,Elise Neal
1341059,Nikki Leigh
65641,Brande Roderick
1841650,Crystal-Lee Naomi
1838518,Jermaine Rivers
8689,Barry Shabaka Henley
2297056,Darik Bernard
60116,Allison McAtee
1780596,Morgan Bradley
545344,Mishael Morgan
1150810,Leland B. Martin
2808544,Daran Acevedo
1297171,Julian Bane
108081,Malik Barnhardt
2599776,Andrew Rogers
1657021,Ashley Brinkman
2504212,Charles Cain
160343,Robert Krantz
74036,Tom Arnold
126932,Elisabeth Röhm
1922617,Joy Rovaris
587035,Nadji Jeter
479206,Demetria McKinney
154382,Jazsmin Lewis
31134,Darrin Henson
74613,Terri J. Vaughn
21563,Corin Nemec
2939038,Sydney Malakeh
58924,Clifton Powell
21355,DMX
1395884,Gessica Généus
105762,Jimmy Jean-Louis
1142232,Soledad Elizabeth Jean
3897137,Cool 'Disco' Dan
9290,Henry Rollins
1936235,Mikaela Rüegg
4076082,Genevieve Kent
3492377,Madeleine Albright
3492379,Ilie Alexandru
3492380,Ioan Amarie
1066763,Darrell Royal
50707,Ed Marinaro
1322033,Bob Brenly
1322034,Scott Brosius
1233313,Joe Buck
3273875,Bob Taylor
3622690,Betty Ong
3622691,Nydia Gonzalez
533195,Henry Kissinger
143280,Norman Mailer
1189929,Condoleezza Rice
2801284,Anthony Amsterdam
1220601,John Chancellor
1225259,Kirsty Young
174981,King Charles III of the United Kingdom
1094687,Prince Edward Duke of Edinburgh
1442410,Trevor Phillips
1442411,Nigel Farage
47,Björk
3219627,Lydia Korniordou
2921077,Jacques Rogge
37759,Kathy Burke
20056,Keith Allen
2330903,Amir Amor
1220273,David Cameron
123725,Abigail Spencer
125025,Joey King
120831,Annaleigh Ashford
1156586,Adam Chanler-Berat
932697,Ariana Madix
3078816,Faith Wright
63732,Ty Hodges
74610,Tasha Smith
6944,Octavia Spencer
1005852,Janelle Monáe
47646,Catherine Tate
72858,Jonathan Cake
58737,Jack McBrayer
475512,Ellie Kemper
13636,Jane Krakowski
212208,Taylor Swift
1025375,Wiz Khalifa
